"","sire","dam","id","loci","n.loci","LLRpair","LLRdam","LLRsire","dam.batch","sire.batch","Fertilization_pairs"
"1","adapter_trim.F1-B1-pH8.bam","adapter_trim.F1-B21-pH8.bam","adapter_trim.F2-J146-pH8.bam","CM084268_1_47694452.0, CM084265_1_64733351.1, CM084265_1_71925442.0, CM084271_1_3822736.1, CM084279_1_10157014.0, CM084264_1_70175551.1, CM084276_1_12392697.0, CM084274_1_4778747.0, CM084275_1_25388559.0, CM084279_1_10150695.1, CM084269_1_46858338.1, CM084271_1_44091708.1, CM084276_1_1856904.0, CM084274_1_42855653.1, CM084265_1_71925202.0, CM084274_1_41688609.0, CM084271_1_43851366.0, CM084266_1_57888640.0, CM084275_1_20000958.0, CM084274_1_4704387.0, CM084269_1_39737144.1, CM084279_1_10150674.0, CM084267_1_5882424.1, CM084269_1_15827759.1, CM084276_1_2841302.1, CM084279_1_32640622.0, CM084275_1_38169337.0, CM084274_1_4795058.0, CM084264_1_72117194.1, CM084278_1_23541042.0, CM084265_1_66142270.1, CM084268_1_50739136.0, CM084268_1_50225351.1, CM084277_1_30611605.1, CM084271_1_3805848.1, CM084276_1_38775936.1, CM084264_1_2737868.0, CM084279_1_929045.0, CM084269_1_15809861.0, CM084265_1_46089443.1, CM084276_1_38287449.1, CM084274_1_4773522.1, CM084268_1_50790919.1, CM084271_1_1034868.1, CM084266_1_69315469.1, CM084271_1_26325742.0, CM084278_1_22667296.0, CM084276_1_20157075.1, CM084266_1_57882079.0, CM084269_1_15818485.0","50","0.42","-0.12","-0.49","2, 4","2, 4","TRUE"
"2","adapter_trim.F1-B1-pH8.bam","adapter_trim.F1-B15-pH8.bam","adapter_trim.F2-J107-pH8.bam","CM084273_1_31865957.0, CM084265_1_1118701.0, CM084277_1_30027057.1, CM084271_1_43339301.0, CM084268_1_4550920.1, CM084272_1_9069880.0, CM084264_1_26773690.1, CM084276_1_12392692.0, CM084271_1_257113.1, CM084265_1_19672164.0, CM084276_1_11709759.0, CM084273_1_42253133.1, CM084271_1_30532477.1, CM084277_1_31027256.1, CM084270_1_9411945.1, CM084274_1_4708834.0, CM084266_1_57885157.0, CM084268_1_3699589.1, CM084276_1_20156972.1, CM084265_1_68868203.0, CM084269_1_47265300.0, CM084266_1_57884309.0, CM084274_1_4864445.1, CM084264_1_66525866.0, CM084264_1_64875158.0, CM084272_1_1584311.0, CM084265_1_68243992.0, CM084271_1_43934405.0, CM084271_1_218843.0, CM084265_1_959800.0, CM084274_1_4788623.0, CM084276_1_38772810.1, CM084274_1_4793160.0, CM084267_1_5830233.1, CM084271_1_44086160.1, CM084266_1_50301559.0, CM084266_1_57885157.0, CM084276_1_31737936.1, CM084279_1_32652113.1, CM084272_1_2073148.1, CM084273_1_32698894.0, CM084266_1_69547380.0, CM084274_1_4793177.0, CM084275_1_25393422.1, CM084277_1_30953078.0, CM084274_1_4795460.1, CM084264_1_66077502.0, CM084275_1_25395462.0, CM084268_1_1326636.0, CM084275_1_39774878.0","50","0.13","-0.36","-0.42","1, 4","2, 4","TRUE"
"3","adapter_trim.F1-B1-pH8.bam","adapter_trim.F1-B25-pH8.bam","adapter_trim.F2-J84-pH8.bam","CM084265_1_61648709.1, CM084271_1_379009.1, CM084265_1_71899674.1, CM084272_1_33571757.1, CM084274_1_5046215.0, CM084274_1_3691747.0, CM084264_1_5215232.1, CM084272_1_7002402.1, CM084276_1_38558559.1, CM084264_1_70471566.0, CM084266_1_66383710.0, CM084267_1_52896264.1, CM084276_1_38970473.1, CM084274_1_4694202.0, CM084270_1_4920915.1, CM084271_1_337322.1, CM084265_1_72078910.0, CM084279_1_32652113.1, CM084275_1_39338236.0, CM084264_1_68685021.1, CM084271_1_43849282.1, CM084265_1_68525973.1, CM084268_1_50679570.1, CM084269_1_15798267.1, CM084264_1_70190068.1, CM084270_1_15641795.1, CM084268_1_282153.1, CM084269_1_43523945.1, CM084274_1_4793160.1, CM084274_1_4818355.0, CM084264_1_71189798.1, CM084270_1_47077551.0, CM084275_1_39776646.1, CM084272_1_33452076.0, CM084278_1_22645215.0, CM084274_1_4795903.1, CM084274_1_4674050.1, CM084277_1_31296172.0, CM084269_1_1572335.1, CM084264_1_74800241.1, CM084264_1_73926180.0, CM084264_1_7131437.0, CM084274_1_4709089.0, CM084265_1_65322123.0, CM084265_1_71265314.1, CM084268_1_18512752.1, CM084264_1_70173613.0, CM084266_1_23295925.1, CM084266_1_68319477.1, CM084266_1_64723817.0","50","0.13","-0.5","-0.31","3","2, 4","FALSE"
"4","adapter_trim.F1-B1-pH8.bam","adapter_trim.F1-B20-pH8.bam","adapter_trim.F2-J86-pH8.bam","CM084273_1_32698894.0, CM084264_1_70182851.0, CM084264_1_73931025.0, CM084276_1_11705154.0, CM084269_1_40451676.1, CM084266_1_68320536.1, CM084265_1_64586071.0, CM084278_1_281214.0, CM084264_1_71718010.1, CM084266_1_69051090.0, CM084268_1_42010.1, CM084276_1_771542.1, CM084275_1_327935.0, CM084264_1_73291570.1, CM084274_1_4863175.0, CM084271_1_1052214.1, CM084267_1_2426144.1, CM084267_1_2908060.1, CM084271_1_290137.0, CM084268_1_4550920.0, CM084278_1_20865574.1, CM084279_1_929045.1, CM084271_1_1052216.0, CM084265_1_71796271.0, CM084269_1_1572473.0, CM084269_1_40451676.1, CM084266_1_57882736.0, CM084272_1_43331300.1, CM084269_1_39737118.1, CM084274_1_4778496.0, CM084267_1_2910789.1, CM084264_1_69862115.0, CM084274_1_42859637.0, CM084278_1_20625578.0, CM084269_1_43525399.0, CM084264_1_73300783.0, CM084265_1_73060810.1, CM084266_1_70930072.1, CM084275_1_23075960.1, CM084276_1_31737936.0, CM084269_1_40336193.1, CM084265_1_785374.0, CM084266_1_70396060.0, CM084276_1_38787723.1, CM084264_1_72117221.1, CM084265_1_71800566.0, CM084277_1_10628755.0, CM084272_1_33607000.0, CM084265_1_68806466.0, CM084274_1_4793160.0","50","0.52","0.54","0.08","2","2, 4","TRUE"
"5","adapter_trim.F1-B10-pH8.bam","adapter_trim.F1-B8-pH8.bam","adapter_trim.F2-J123-pH8.bam","CM084265_1_58531646.0, CM084265_1_64765147.0, CM084268_1_49721957.1, CM084274_1_4788638.1, CM084266_1_65347060.1, CM084272_1_33572878.0, CM084264_1_72054055.0, CM084264_1_2737868.1, CM084271_1_26324168.1, CM084270_1_46590815.0, CM084272_1_1596710.0, CM084269_1_46692099.1, CM084271_1_43851366.1, CM084266_1_71317540.1, CM084278_1_20591181.1, CM084278_1_23539431.0, CM084268_1_28845789.0, CM084267_1_5881762.0, CM084269_1_45280054.0, CM084279_1_33014997.1, CM084267_1_6420828.0, CM084272_1_7002402.1, CM084264_1_72075479.0, CM084268_1_50219227.0, CM084278_1_20695466.1, CM084271_1_43860505.1, CM084271_1_43860417.0, CM084266_1_64726584.1, CM084275_1_400292.1, CM084274_1_3691349.1, CM084268_1_1326519.1, CM084268_1_46448.1, CM084274_1_4796079.0, CM084277_1_30168106.0, CM084266_1_57888742.0, CM084265_1_69009992.1, CM084275_1_1304702.0, CM084273_1_31865682.0, CM084279_1_31075821.1, CM084265_1_70799356.0, CM084265_1_70801089.0, CM084279_1_32666436.0, CM084267_1_13226543.0, CM084275_1_39502463.1, CM084273_1_10381194.1, CM084265_1_72076134.1, CM084269_1_40336207.1, CM084278_1_20591181.1, CM084267_1_3204556.0, CM084270_1_4751834.0","50","0.34","-0.44","-0.25","1","2","FALSE"
"6","adapter_trim.F1-B10-pH8.bam","adapter_trim.F1-B15-pH8.bam","adapter_trim.F2-J143-pH8.bam","CM084264_1_69539449.0, CM084265_1_61648602.1, CM084269_1_15799430.1, CM084278_1_20689098.0, CM084264_1_6956767.1, CM084270_1_46587632.1, CM084274_1_4867333.0, CM084273_1_21179215.0, CM084272_1_1704343.0, CM084267_1_51167077.1, CM084277_1_30611563.0, CM084276_1_1856082.0, CM084269_1_43528550.1, CM084266_1_71166412.1, CM084267_1_2426144.0, CM084265_1_69381455.1, CM084264_1_63760.1, CM084276_1_62473.0, CM084268_1_50200545.1, CM084268_1_3699701.0, CM084266_1_23317745.1, CM084271_1_26324168.1, CM084275_1_25397333.0, CM084274_1_4788669.0, CM084276_1_37353162.1, CM084266_1_68478650.0, CM084265_1_68868190.1, CM084271_1_19655820.1, CM084264_1_34294469.1, CM084266_1_69545761.1, CM084274_1_34977105.1, CM084264_1_70182852.0, CM084275_1_35719388.0, CM084265_1_70979994.1, CM084268_1_3261991.0, CM084269_1_45438499.0, CM084264_1_34294472.0, CM084275_1_39774860.1, CM084265_1_65204740.0, CM084267_1_5165677.1, CM084268_1_3691150.1, CM084268_1_3704020.0, CM084274_1_4734036.1, CM084264_1_74989681.0, CM084266_1_58086157.0, CM084266_1_65580309.0, CM084266_1_23321801.1, CM084275_1_660866.1, CM084276_1_1625254.1, CM084267_1_2426144.1","50","0.42","-0.42","-0.27","1, 4","2","FALSE"
"7","adapter_trim.F1-B10-pH8.bam","adapter_trim.F1-B15-pH8.bam","adapter_trim.F2-J147-pH8.bam","CM084271_1_43547024.0, CM084268_1_42024.1, CM084264_1_72054052.0, CM084274_1_4868385.1, CM084267_1_13261525.1, CM084278_1_20732805.0, CM084271_1_379057.1, CM084269_1_1541112.0, CM084265_1_786811.1, CM084269_1_4625304.0, CM084277_1_29208392.0, CM084271_1_344606.0, CM084267_1_2163720.1, CM084277_1_31027263.1, CM084266_1_69085566.0, CM084275_1_529155.1, CM084267_1_2910789.1, CM084271_1_3821131.0, CM084266_1_68960355.0, CM084265_1_72368204.0, CM084265_1_72898809.0, CM084278_1_31960662.0, CM084265_1_73060898.0, CM084266_1_71166411.1, CM084269_1_41809353.1, CM084278_1_31960704.1, CM084272_1_33616442.0, CM084267_1_13261525.1, CM084279_1_1072342.1, CM084271_1_379038.1, CM084264_1_70355122.0, CM084268_1_50219223.0, CM084266_1_58087797.0, CM084265_1_68869208.0, CM084275_1_327919.0, CM084269_1_1567360.1, CM084266_1_69315495.1, CM084274_1_4709093.0, CM084269_1_1556175.1, CM084275_1_25393416.1, CM084274_1_4863996.1, CM084268_1_46422.1, CM084269_1_47265482.0, CM084264_1_72117194.0, CM084266_1_65401945.1, CM084265_1_64735174.1, CM084276_1_11709771.1, CM084266_1_70707608.1, CM084275_1_39491731.1, CM084270_1_4920961.0","50","0.43","-0.4","-0.75","1, 4","2","FALSE"
"8","adapter_trim.F1-B10-pH8.bam","adapter_trim.F1-B15-pH8.bam","adapter_trim.F2-B16-pH8.bam","CM084268_1_50216537.0, CM084276_1_38772835.0, CM084266_1_69793931.0, CM084270_1_32126731.0, CM084268_1_28845509.1, CM084264_1_72054047.0, CM084265_1_71800566.1, CM084271_1_290137.1, CM084274_1_4861946.0, CM084264_1_34294472.1, CM084275_1_35722638.1, CM084271_1_43849282.0, CM084278_1_15228710.0, CM084269_1_1549398.1, CM084265_1_71265230.1, CM084268_1_50200519.1, CM084266_1_69632418.1, CM084265_1_71265340.1, CM084269_1_40338566.0, CM084265_1_14403550.0, CM084267_1_51248425.0, CM084274_1_4792351.1, CM084271_1_37237146.0, CM084265_1_8362505.1, CM084269_1_1544433.0, CM084278_1_4074392.1, CM084276_1_37355346.0, CM084265_1_70800987.1, CM084268_1_1326519.0, CM084265_1_66143629.1, CM084265_1_58530104.0, CM084269_1_45423025.0, CM084265_1_69924624.1, CM084270_1_15641798.0, CM084269_1_1556935.0, CM084278_1_23536960.1, CM084274_1_4796079.0, CM084268_1_3699701.1, CM084265_1_68074267.0, CM084264_1_75480216.0, CM084264_1_8112672.1, CM084264_1_73309406.1, CM084278_1_22665042.1, CM084278_1_22654720.0, CM084271_1_44073407.1, CM084265_1_959800.0, CM084272_1_1891444.0, CM084264_1_6151084.0, CM084265_1_71796317.0, CM084266_1_57883008.1","50","0.14","0.01","-0.06","1, 4","2","FALSE"
"9","adapter_trim.F1-B11-pH8.bam","adapter_trim.F1-B25-pH8.bam","adapter_trim.F2-B8-pH8.bam","CM084274_1_42855653.1, CM084265_1_72074244.0, CM084278_1_23541049.1, CM084265_1_50947034.0, CM084279_1_32971482.1, CM084277_1_6198970.1, CM084275_1_35719374.1, CM084267_1_2653040.0, CM084275_1_35720341.0, CM084264_1_8112674.0, CM084272_1_2072732.1, CM084276_1_1856653.1, CM084276_1_38559646.1, CM084275_1_39502397.0, CM084265_1_71820616.0, CM084274_1_41688609.1, CM084265_1_64969585.0, CM084269_1_40447978.1, CM084274_1_4864445.1, CM084270_1_8242309.0, CM084264_1_73926177.0, CM084274_1_5046195.1, CM084272_1_11675308.0, CM084271_1_257176.0, CM084265_1_72992173.0, CM084279_1_1072330.0, CM084266_1_38532340.0, CM084266_1_71166433.0, CM084268_1_50792945.1, CM084269_1_35627080.1, CM084274_1_4694230.1, CM084269_1_15826462.0, CM084276_1_38558640.1, CM084277_1_4875961.1, CM084276_1_6150174.1, CM084265_1_1118701.1, CM084275_1_39394589.0, CM084275_1_39502374.1, CM084271_1_274110.1, CM084264_1_68688988.1, CM084267_1_2104179.0, CM084274_1_4861946.1, CM084272_1_11675265.0, CM084264_1_70466154.1, CM084277_1_35287257.1, CM084270_1_39395914.1, CM084272_1_1891465.0, CM084268_1_273292.0, CM084279_1_32649961.1, CM084265_1_68806414.1","50","0.38","-0.3","-0.47","3","4","FALSE"
"10","adapter_trim.F1-B11-pH8.bam","adapter_trim.F1-B25-pH8.bam","adapter_trim.F2-J84-pH8.bam","CM084268_1_50681546.0, CM084265_1_71826940.0, CM084266_1_69793931.0, CM084271_1_37170448.1, CM084279_1_1073381.0, CM084264_1_75338734.1, CM084274_1_4708735.0, CM084269_1_12903174.1, CM084271_1_43868149.0, CM084276_1_1856630.1, CM084268_1_24030546.0, CM084268_1_49719639.0, CM084276_1_37987466.1, CM084268_1_50739244.0, CM084275_1_66834.0, CM084275_1_20000958.0, CM084276_1_38787723.0, CM084265_1_68868203.0, CM084275_1_39394564.1, CM084276_1_38271842.1, CM084264_1_34294396.0, CM084276_1_38772810.0, CM084265_1_68868203.1, CM084269_1_45238238.0, CM084268_1_1326636.1, CM084277_1_18535877.0, CM084274_1_4870202.0, CM084279_1_31409261.0, CM084269_1_15799403.1, CM084274_1_5120654.1, CM084266_1_57888563.1, CM084265_1_46089443.1, CM084272_1_18553681.1, CM084265_1_72071366.1, CM084274_1_4795858.1, CM084277_1_36521569.0, CM084272_1_18194995.0, CM084269_1_15812958.0, CM084274_1_4863936.0, CM084279_1_10150670.0, CM084271_1_26332979.0, CM084268_1_43541.0, CM084270_1_47077463.0, CM084275_1_25393709.1, CM084266_1_69315458.1, CM084271_1_218843.0, CM084270_1_4920968.0, CM084269_1_42862775.1, CM084269_1_15828548.1, CM084266_1_71166435.1","50","0.16","-0.41","-0.37","3","4","FALSE"
"11","adapter_trim.F1-B11-pH8.bam","adapter_trim.F1-B8-pH8.bam","adapter_trim.F2-J147-pH8.bam","CM084269_1_45423025.0, CM084267_1_11257220.0, CM084266_1_46766307.0, CM084269_1_46688972.0, CM084269_1_40338566.1, CM084265_1_8362532.1, CM084268_1_49735217.0, CM084267_1_50994309.0, CM084270_1_46588177.1, CM084265_1_71265230.1, CM084271_1_39686056.0, CM084277_1_36521583.0, CM084276_1_38539465.0, CM084264_1_75506833.0, CM084279_1_32648014.0, CM084274_1_4798803.0, CM084266_1_69141161.1, CM084278_1_20591212.1, CM084267_1_2081902.0, CM084265_1_19672164.1, CM084269_1_15799430.1, CM084265_1_58531646.0, CM084267_1_51248500.0, CM084268_1_3704001.1, CM084266_1_70181820.0, CM084269_1_35627096.0, CM084265_1_14403401.1, CM084267_1_51000190.0, CM084275_1_529161.1, CM084275_1_39780958.0, CM084278_1_22654265.1, CM084271_1_44190420.1, CM084269_1_35627068.1, CM084274_1_4795482.0, CM084269_1_12905562.0, CM084268_1_3699577.1, CM084266_1_64726670.1, CM084274_1_4694230.1, CM084267_1_9175849.0, CM084277_1_29208392.0, CM084271_1_3814148.1, CM084269_1_43525341.0, CM084265_1_70801089.0, CM084269_1_42862707.0, CM084268_1_2720910.1, CM084278_1_23542543.0, CM084276_1_38072639.0, CM084265_1_70979980.1, CM084272_1_18194129.0, CM084264_1_73926180.0","50","0.35","-0.26","-0.26","1","4","FALSE"
"12","adapter_trim.F1-B11-pH8.bam","adapter_trim.F1-B21-pH8.bam","adapter_trim.F2-B13-pH8.bam","CM084268_1_47694452.0, CM084265_1_64733351.1, CM084265_1_71925442.0, CM084271_1_3822736.1, CM084279_1_10157014.0, CM084264_1_70175551.1, CM084276_1_12392697.0, CM084274_1_4778747.0, CM084275_1_25388559.0, CM084279_1_10150695.1, CM084269_1_46858338.1, CM084271_1_44091708.1, CM084276_1_1856904.0, CM084274_1_42855653.1, CM084265_1_71925202.0, CM084274_1_41688609.0, CM084271_1_43851366.0, CM084266_1_57888640.0, CM084275_1_20000958.0, CM084274_1_4704387.0, CM084269_1_39737144.1, CM084279_1_10150674.0, CM084267_1_5882424.1, CM084269_1_15827759.1, CM084276_1_2841302.1, CM084279_1_32640622.0, CM084275_1_38169337.0, CM084274_1_4795058.0, CM084264_1_72117194.1, CM084278_1_23541042.0, CM084265_1_66142270.1, CM084268_1_50739136.0, CM084268_1_50225351.1, CM084277_1_30611605.1, CM084271_1_3805848.1, CM084276_1_38775936.1, CM084264_1_2737868.0, CM084279_1_929045.0, CM084269_1_15809861.0, CM084265_1_46089443.1, CM084276_1_38287449.1, CM084274_1_4773522.1, CM084268_1_50790919.1, CM084271_1_1034868.1, CM084266_1_69315469.1, CM084271_1_26325742.0, CM084278_1_22667296.0, CM084276_1_20157075.1, CM084266_1_57882079.0, CM084269_1_15818485.0","50","0.26","-0.04","-0.62","2, 4","4","TRUE"
"13","adapter_trim.F1-B11-pH8.bam","adapter_trim.F1-B20-pH8.bam","adapter_trim.F2-J85-pH8.bam","CM084275_1_672856.0, CM084276_1_20157067.0, CM084270_1_32126724.0, CM084272_1_36474242.1, CM084277_1_5804551.0, CM084271_1_43868189.1, CM084278_1_22667307.0, CM084279_1_31065250.0, CM084274_1_4795062.0, CM084272_1_33503448.1, CM084269_1_12904900.1, CM084267_1_5165677.1, CM084274_1_4694916.0, CM084277_1_4876009.0, CM084267_1_2426163.1, CM084270_1_19464627.0, CM084272_1_1327530.1, CM084271_1_3821131.0, CM084269_1_43525399.1, CM084276_1_1856078.0, CM084265_1_68869491.1, CM084274_1_4734035.1, CM084274_1_4694551.0, CM084279_1_16586112.0, CM084274_1_4795086.0, CM084266_1_57883008.0, CM084275_1_1304704.1, CM084276_1_38558546.0, CM084272_1_41046375.0, CM084273_1_31862649.1, CM084278_1_20625578.1, CM084272_1_1704379.0, CM084267_1_832159.1, CM084269_1_43524168.0, CM084276_1_1856078.1, CM084266_1_59364074.1, CM084266_1_68478650.0, CM084265_1_71796309.1, CM084268_1_18512752.1, CM084268_1_50739244.1, CM084264_1_75512053.0, CM084265_1_64196884.0, CM084264_1_70466154.1, CM084271_1_3814120.1, CM084271_1_3814120.0, CM084265_1_68868202.1, CM084269_1_1580179.0, CM084264_1_34300494.0, CM084278_1_20734518.1, CM084266_1_58099055.1","50","0.28","-0.15","0.08","2","4","FALSE"
"14","adapter_trim.F1-B11-pH8.bam","adapter_trim.F1-B8-pH8.bam","adapter_trim.F2-J105-pH8.bam","CM084268_1_4026799.1, CM084274_1_41688611.0, CM084269_1_43524104.1, CM084279_1_10157014.1, CM084272_1_33453804.1, CM084265_1_24901885.1, CM084276_1_25809361.0, CM084276_1_2874135.1, CM084264_1_70188213.1, CM084277_1_5804354.1, CM084275_1_39491725.0, CM084273_1_31861630.0, CM084269_1_43528587.1, CM084279_1_1196447.1, CM084276_1_20157194.1, CM084268_1_3704001.0, CM084266_1_69085555.1, CM084277_1_30168380.0, CM084277_1_1869733.1, CM084271_1_26325742.1, CM084266_1_68919260.0, CM084269_1_43525116.0, CM084266_1_69547380.1, CM084264_1_61167194.1, CM084264_1_73291504.0, CM084274_1_3691349.0, CM084268_1_28845501.0, CM084266_1_70706238.0, CM084269_1_15820188.1, CM084264_1_34294476.1, CM084265_1_64733395.1, CM084276_1_38072633.1, CM084274_1_4795479.1, CM084274_1_4788084.1, CM084264_1_69862115.1, CM084267_1_2908982.0, CM084269_1_1577711.1, CM084264_1_72011613.0, CM084275_1_524594.1, CM084277_1_4875753.0, CM084276_1_12385340.0, CM084266_1_64002736.1, CM084278_1_23536923.1, CM084266_1_1233079.0, CM084265_1_59221275.1, CM084265_1_72368293.0, CM084273_1_31865717.0, CM084271_1_43338888.1, CM084264_1_70175539.1, CM084271_1_344491.0","50","0.14","-0.3","0","1","4","FALSE"
"15","adapter_trim.F1-B3-pH8.bam","adapter_trim.F1-B25-pH8.bam","adapter_trim.F2-J122-pH8.bam","CM084276_1_7202997.1, CM084269_1_35627054.1, CM084272_1_18188620.1, CM084264_1_69539449.0, CM084266_1_69632417.1, CM084265_1_24898691.0, CM084271_1_30532519.0, CM084275_1_327918.1, CM084265_1_70979980.1, CM084266_1_69051080.1, CM084265_1_3130640.0, CM084270_1_4921025.0, CM084276_1_1625254.0, CM084268_1_50790925.1, CM084267_1_51033717.1, CM084275_1_2509950.0, CM084273_1_21179270.1, CM084277_1_30635514.1, CM084267_1_52776062.0, CM084279_1_32917233.0, CM084269_1_45420483.1, CM084279_1_10147738.0, CM084268_1_50200519.0, CM084274_1_4795062.1, CM084270_1_47077479.0, CM084274_1_4674050.0, CM084273_1_42287254.0, CM084277_1_10417520.1, CM084264_1_70173621.1, CM084264_1_70173615.1, CM084279_1_10156946.0, CM084276_1_4238124.0, CM084274_1_4863343.0, CM084265_1_19672164.0, CM084279_1_32640622.0, CM084276_1_1500414.1, CM084264_1_66439568.1, CM084273_1_31862599.0, CM084266_1_71149027.1, CM084266_1_68319456.0, CM084270_1_46589386.0, CM084274_1_4694202.0, CM084266_1_58086170.1, CM084269_1_45423014.1, CM084265_1_73060807.1, CM084276_1_25809481.0, CM084275_1_38995359.1, CM084266_1_64725837.0, CM084264_1_70182851.1, CM084278_1_20858390.0","50","0.12","-0.27","-0.75","3","3","TRUE"
"16","adapter_trim.F1-B3-pH8.bam","adapter_trim.F1-B15-pH8.bam","adapter_trim.F2-J108-pH8.bam","CM084272_1_18188624.0, CM084265_1_73060807.0, CM084264_1_75512070.0, CM084272_1_44059306.1, CM084273_1_33585263.0, CM084269_1_43528550.0, CM084269_1_15813150.0, CM084267_1_13261464.1, CM084271_1_44134413.0, CM084270_1_4921089.1, CM084277_1_5804570.1, CM084266_1_69794604.0, CM084274_1_4870391.0, CM084273_1_42294202.0, CM084266_1_23317745.1, CM084268_1_3704024.1, CM084264_1_69287125.0, CM084268_1_24031408.1, CM084264_1_34294469.0, CM084264_1_66561947.1, CM084277_1_30629891.1, CM084266_1_69547380.0, CM084267_1_13226543.0, CM084267_1_700114.1, CM084276_1_38773530.1, CM084268_1_37774069.0, CM084276_1_20157233.0, CM084267_1_2908982.0, CM084276_1_1855843.1, CM084269_1_15823954.1, CM084270_1_47103340.0, CM084276_1_37353154.1, CM084266_1_57882817.0, CM084275_1_267983.1, CM084265_1_8362532.1, CM084268_1_22932621.1, CM084272_1_2928852.1, CM084277_1_10628711.1, CM084266_1_68884692.0, CM084265_1_69381534.0, CM084279_1_1064862.0, CM084279_1_161074.1, CM084269_1_46689548.1, CM084270_1_4920918.0, CM084267_1_9175848.1, CM084275_1_42592938.0, CM084268_1_50681637.0, CM084269_1_46858338.0, CM084276_1_1510330.1, CM084267_1_9175847.0","50","0.12","-0.41","-0.21","1, 4","3","FALSE"
"17","adapter_trim.F1-B3-pH8.bam","adapter_trim.F1-B20-pH8.bam","adapter_trim.F2-B16-pH8.bam","CM084278_1_22667297.0, CM084265_1_790976.0, CM084275_1_23075960.0, CM084267_1_2309126.0, CM084277_1_29782026.0, CM084277_1_31027250.0, CM084266_1_57889035.1, CM084271_1_3819398.1, CM084275_1_2509952.1, CM084269_1_45238254.0, CM084278_1_22665572.1, CM084275_1_400292.0, CM084267_1_5165711.0, CM084276_1_11709759.0, CM084270_1_9401006.1, CM084269_1_15828545.0, CM084265_1_71825876.1, CM084274_1_4796884.0, CM084266_1_23321801.1, CM084265_1_69381619.0, CM084272_1_18553651.1, CM084265_1_24898691.0, CM084272_1_36474231.0, CM084279_1_10150674.1, CM084274_1_4788646.0, CM084277_1_31027250.0, CM084267_1_52092638.0, CM084266_1_69095439.1, CM084265_1_59221281.1, CM084265_1_68243992.1, CM084265_1_72368298.0, CM084264_1_68688356.0, CM084268_1_50216537.1, CM084274_1_34977132.1, CM084274_1_11619945.1, CM084268_1_3691160.0, CM084265_1_71925452.0, CM084266_1_23295918.1, CM084267_1_9175849.1, CM084267_1_50392692.1, CM084268_1_50679570.0, CM084279_1_649336.1, CM084279_1_161041.1, CM084268_1_1508040.0, CM084274_1_34977131.0, CM084265_1_69915221.0, CM084274_1_4793087.1, CM084274_1_4694916.0, CM084274_1_4695106.0, CM084271_1_44091713.0","50","0.46","-0.33","-0.38","2","3","FALSE"
"18","adapter_trim.F1-B3-pH8.bam","adapter_trim.F1-B8-pH8.bam","adapter_trim.F2-J85-pH8.bam","CM084272_1_18188624.0, CM084265_1_73060807.0, CM084264_1_75512070.0, CM084272_1_44059306.1, CM084273_1_33585263.0, CM084269_1_43528550.0, CM084269_1_15813150.0, CM084267_1_13261464.1, CM084271_1_44134413.0, CM084270_1_4921089.1, CM084277_1_5804570.1, CM084266_1_69794604.0, CM084274_1_4870391.0, CM084273_1_42294202.0, CM084266_1_23317745.1, CM084268_1_3704024.1, CM084264_1_69287125.0, CM084268_1_24031408.1, CM084264_1_34294469.0, CM084264_1_66561947.1, CM084277_1_30629891.1, CM084266_1_69547380.0, CM084267_1_13226543.0, CM084267_1_700114.1, CM084276_1_38773530.1, CM084268_1_37774069.0, CM084276_1_20157233.0, CM084267_1_2908982.0, CM084276_1_1855843.1, CM084269_1_15823954.1, CM084270_1_47103340.0, CM084276_1_37353154.1, CM084266_1_57882817.0, CM084275_1_267983.1, CM084265_1_8362532.1, CM084268_1_22932621.1, CM084272_1_2928852.1, CM084277_1_10628711.1, CM084266_1_68884692.0, CM084265_1_69381534.0, CM084279_1_1064862.0, CM084279_1_161074.1, CM084269_1_46689548.1, CM084270_1_4920918.0, CM084267_1_9175848.1, CM084275_1_42592938.0, CM084268_1_50681637.0, CM084269_1_46858338.0, CM084276_1_1510330.1, CM084267_1_9175847.0","50","0.21","-0.26","0.08","1","3","FALSE"
"19","adapter_trim.F1-B4-pH8.bam","adapter_trim.F1-B8-pH8.bam","adapter_trim.F2-J107-pH8.bam","CM084267_1_5168546.0, CM084272_1_18194192.1, CM084269_1_43525348.0, CM084266_1_69095441.0, CM084276_1_1625423.0, CM084267_1_13229742.0, CM084265_1_72076134.1, CM084278_1_32252678.0, CM084268_1_22932621.1, CM084274_1_4862958.1, CM084268_1_2832740.1, CM084277_1_36519423.1, CM084276_1_37352348.0, CM084271_1_3821269.1, CM084270_1_46587624.0, CM084279_1_992716.1, CM084264_1_69287336.1, CM084278_1_20858397.0, CM084276_1_38558585.1, CM084268_1_50321875.1, CM084268_1_1326648.0, CM084269_1_4628634.1, CM084271_1_44090328.0, CM084266_1_63468234.0, CM084276_1_7202997.0, CM084266_1_69085566.0, CM084265_1_59221383.0, CM084274_1_42859637.0, CM084268_1_50679570.1, CM084277_1_30631457.1, CM084272_1_675601.0, CM084279_1_1070294.1, CM084276_1_20156972.1, CM084268_1_28855770.0, CM084268_1_49721854.0, CM084269_1_43525348.1, CM084264_1_8112660.0, CM084274_1_4864682.1, CM084276_1_38558590.1, CM084271_1_44090310.1, CM084266_1_69052082.0, CM084270_1_47103340.1, CM084276_1_38787723.0, CM084268_1_2713891.0, CM084277_1_18541349.0, CM084265_1_64586071.0, CM084264_1_68688963.0, CM084265_1_58483282.0, CM084271_1_346616.1, CM084271_1_3820313.0","50","0.11","-0.35","-0.34","1","1","TRUE"
"20","adapter_trim.F1-B4-pH8.bam","adapter_trim.F1-B8-pH8.bam","adapter_trim.F2-J105-pH8.bam","CM084272_1_18188624.0, CM084265_1_73060807.0, CM084264_1_75512070.0, CM084272_1_44059306.1, CM084273_1_33585263.0, CM084269_1_43528550.0, CM084269_1_15813150.0, CM084267_1_13261464.1, CM084271_1_44134413.0, CM084270_1_4921089.1, CM084277_1_5804570.1, CM084266_1_69794604.0, CM084274_1_4870391.0, CM084273_1_42294202.0, CM084266_1_23317745.1, CM084268_1_3704024.1, CM084264_1_69287125.0, CM084268_1_24031408.1, CM084264_1_34294469.0, CM084264_1_66561947.1, CM084277_1_30629891.1, CM084266_1_69547380.0, CM084267_1_13226543.0, CM084267_1_700114.1, CM084276_1_38773530.1, CM084268_1_37774069.0, CM084276_1_20157233.0, CM084267_1_2908982.0, CM084276_1_1855843.1, CM084269_1_15823954.1, CM084270_1_47103340.0, CM084276_1_37353154.1, CM084266_1_57882817.0, CM084275_1_267983.1, CM084265_1_8362532.1, CM084268_1_22932621.1, CM084272_1_2928852.1, CM084277_1_10628711.1, CM084266_1_68884692.0, CM084265_1_69381534.0, CM084279_1_1064862.0, CM084279_1_161074.1, CM084269_1_46689548.1, CM084270_1_4920918.0, CM084267_1_9175848.1, CM084275_1_42592938.0, CM084268_1_50681637.0, CM084269_1_46858338.0, CM084276_1_1510330.1, CM084267_1_9175847.0","50","0.6","-0.26","0.03","1","1","TRUE"
"21","adapter_trim.F1-B4-pH8.bam","adapter_trim.F1-B25-pH8.bam","adapter_trim.F2-B12-pH8.bam","CM084276_1_7202997.1, CM084269_1_35627054.1, CM084272_1_18188620.1, CM084264_1_69539449.0, CM084266_1_69632417.1, CM084265_1_24898691.0, CM084271_1_30532519.0, CM084275_1_327918.1, CM084265_1_70979980.1, CM084266_1_69051080.1, CM084265_1_3130640.0, CM084270_1_4921025.0, CM084276_1_1625254.0, CM084268_1_50790925.1, CM084267_1_51033717.1, CM084275_1_2509950.0, CM084273_1_21179270.1, CM084277_1_30635514.1, CM084267_1_52776062.0, CM084279_1_32917233.0, CM084269_1_45420483.1, CM084279_1_10147738.0, CM084268_1_50200519.0, CM084274_1_4795062.1, CM084270_1_47077479.0, CM084274_1_4674050.0, CM084273_1_42287254.0, CM084277_1_10417520.1, CM084264_1_70173621.1, CM084264_1_70173615.1, CM084279_1_10156946.0, CM084276_1_4238124.0, CM084274_1_4863343.0, CM084265_1_19672164.0, CM084279_1_32640622.0, CM084276_1_1500414.1, CM084264_1_66439568.1, CM084273_1_31862599.0, CM084266_1_71149027.1, CM084266_1_68319456.0, CM084270_1_46589386.0, CM084274_1_4694202.0, CM084266_1_58086170.1, CM084269_1_45423014.1, CM084265_1_73060807.1, CM084276_1_25809481.0, CM084275_1_38995359.1, CM084266_1_64725837.0, CM084264_1_70182851.1, CM084278_1_20858390.0","50","0.37","-0.35","-0.24","3","1","FALSE"
"22","adapter_trim.F1-B4-pH8.bam","adapter_trim.F1-B15-pH8.bam","adapter_trim.F2-J107-pH8.bam","CM084264_1_5215232.0, CM084274_1_42293378.0, CM084266_1_68515581.0, CM084273_1_268148.0, CM084266_1_23296704.0, CM084267_1_8118559.0, CM084278_1_22665042.0, CM084277_1_30611564.0, CM084269_1_43528587.0, CM084268_1_23612506.0, CM084266_1_57889053.1, CM084275_1_4345059.0, CM084269_1_43524472.0, CM084278_1_20732805.0, CM084264_1_74800272.1, CM084264_1_64487818.1, CM084274_1_4695205.0, CM084265_1_69924624.0, CM084275_1_29098655.0, CM084274_1_5033051.1, CM084266_1_62460055.1, CM084277_1_30953064.1, CM084278_1_25830477.1, CM084276_1_61679.0, CM084276_1_38787723.1, CM084273_1_7839210.0, CM084265_1_72368147.0, CM084266_1_23321836.0, CM084272_1_1891482.0, CM084275_1_25388576.0, CM084266_1_70706208.1, CM084269_1_1567833.1, CM084269_1_40336193.0, CM084275_1_25397304.0, CM084273_1_33585263.0, CM084273_1_31862476.0, CM084275_1_400276.0, CM084275_1_400276.0, CM084278_1_28652016.0, CM084264_1_34294652.0, CM084268_1_3699708.1, CM084267_1_1134424.1, CM084279_1_1064680.1, CM084276_1_38285682.0, CM084276_1_4238124.1, CM084271_1_19655878.1, CM084274_1_6125439.1, CM084278_1_15228688.0, CM084272_1_7002402.0, CM084269_1_40451676.1","50","0.59","-0.69","-0.12","1, 4","1","TRUE"
"23","adapter_trim.F1-B5-pH8.bam","adapter_trim.F1-B15-pH8.bam","adapter_trim.F2-J107-pH8.bam","CM084269_1_45420488.1, CM084265_1_69924480.0, CM084264_1_39013.1, CM084266_1_68200825.0, CM084264_1_73291504.0, CM084275_1_8878522.0, CM084271_1_3818665.0, CM084269_1_12905587.1, CM084269_1_1577711.1, CM084265_1_73061238.0, CM084264_1_70190068.0, CM084265_1_70609247.0, CM084265_1_46089443.1, CM084264_1_2740285.1, CM084274_1_4773492.1, CM084268_1_2832742.0, CM084276_1_4238165.1, CM084275_1_1304750.1, CM084276_1_38961028.0, CM084264_1_6151081.0, CM084279_1_1070763.0, CM084266_1_59802321.1, CM084265_1_71265230.0, CM084270_1_39396029.0, CM084267_1_6421475.1, CM084275_1_66834.1, CM084269_1_1567491.0, CM084278_1_20742383.1, CM084269_1_12903174.0, CM084271_1_10303572.0, CM084274_1_4864682.0, CM084265_1_69007603.0, CM084271_1_37237148.0, CM084269_1_45438488.1, CM084271_1_43868125.1, CM084272_1_1891434.0, CM084270_1_8242343.0, CM084277_1_31027250.1, CM084264_1_34292374.0, CM084268_1_50202339.0, CM084274_1_4694230.1, CM084271_1_379009.0, CM084267_1_6420828.1, CM084278_1_23541042.0, CM084270_1_42349010.0, CM084267_1_11257220.1, CM084264_1_8098035.1, CM084275_1_4345059.1, CM084276_1_4238114.0, CM084265_1_24901885.1","50","0.22","-0.19","-0.52","1, 4","3","FALSE"
"24","adapter_trim.F1-B5-pH8.bam","adapter_trim.F1-B25-pH8.bam","adapter_trim.F2-J147-pH8.bam","CM084274_1_4695098.1, CM084265_1_72091635.0, CM084275_1_400249.0, CM084264_1_73926179.1, CM084270_1_4751756.0, CM084277_1_10628711.1, CM084278_1_23542543.1, CM084269_1_15812965.0, CM084271_1_26325707.1, CM084270_1_42348997.1, CM084269_1_45238132.1, CM084267_1_48167385.1, CM084270_1_19464672.0, CM084267_1_2426144.0, CM084268_1_50225025.1, CM084276_1_4238165.0, CM084265_1_54591384.0, CM084265_1_1816578.0, CM084265_1_60313980.0, CM084271_1_44083919.0, CM084264_1_69271980.1, CM084264_1_69298657.1, CM084267_1_2908860.1, CM084274_1_4694263.1, CM084272_1_33497675.1, CM084272_1_18170761.1, CM084279_1_161440.1, CM084273_1_42294202.1, CM084270_1_47077463.0, CM084269_1_15806965.1, CM084264_1_70466147.1, CM084266_1_50301553.0, CM084264_1_34294652.1, CM084266_1_69141150.0, CM084274_1_5028288.1, CM084269_1_46733053.1, CM084274_1_4868380.1, CM084274_1_4796079.1, CM084274_1_4709089.1, CM084274_1_4863175.1, CM084266_1_69056442.1, CM084272_1_9069880.1, CM084268_1_45574.1, CM084270_1_19464591.0, CM084279_1_10150695.0, CM084274_1_4869944.1, CM084265_1_72368204.0, CM084279_1_10150674.1, CM084266_1_71148891.0, CM084265_1_71796300.0","50","0.23","-0.13","-0.68","3","3","TRUE"
"25","adapter_trim.F1-B5-pH8.bam","adapter_trim.F1-B20-pH8.bam","adapter_trim.F2-J104-pH8.bam","CM084269_1_43523950.0, CM084279_1_10150672.0, CM084267_1_51248426.1, CM084273_1_10424351.0, CM084278_1_20865574.1, CM084274_1_4798805.0, CM084268_1_24030404.1, CM084276_1_20156972.1, CM084279_1_160989.1, CM084270_1_4751880.0, CM084275_1_40706380.0, CM084268_1_18519472.1, CM084275_1_25388888.1, CM084271_1_3819548.0, CM084272_1_18188792.1, CM084267_1_2309126.0, CM084276_1_38558590.0, CM084275_1_39774860.0, CM084264_1_70471433.0, CM084274_1_4863343.1, CM084268_1_50202371.1, CM084270_1_42355495.0, CM084271_1_3805850.1, CM084265_1_1816578.0, CM084268_1_50323442.1, CM084277_1_30623529.1, CM084270_1_47076332.0, CM084278_1_8558506.1, CM084264_1_2738116.0, CM084271_1_19655964.1, CM084266_1_58087794.0, CM084270_1_46590815.0, CM084269_1_39737147.1, CM084279_1_32666409.0, CM084277_1_30611496.1, CM084276_1_38864870.1, CM084278_1_16767343.0, CM084274_1_34977132.0, CM084265_1_71794444.0, CM084264_1_72118697.1, CM084269_1_12905566.0, CM084265_1_69916644.0, CM084279_1_32917232.0, CM084276_1_25809477.0, CM084264_1_64487845.1, CM084266_1_57886823.0, CM084269_1_40336207.0, CM084274_1_4795460.0, CM084271_1_39686056.0, CM084265_1_58483282.1","50","0.15","-0.22","-0.69","2","3","FALSE"
"26","adapter_trim.F1-B5-pH8.bam","adapter_trim.F1-B25-pH8.bam","adapter_trim.F2-J83-pH8.bam","CM084264_1_74191575.0, CM084269_1_1572991.1, CM084266_1_23295949.0, CM084265_1_68798225.1, CM084269_1_15799394.0, CM084274_1_4796884.0, CM084268_1_276378.1, CM084279_1_10150695.1, CM084278_1_4074299.1, CM084265_1_59221320.0, CM084268_1_50323442.1, CM084264_1_74183870.0, CM084265_1_70589360.1, CM084268_1_28855794.1, CM084266_1_68643450.1, CM084264_1_73929737.1, CM084265_1_68789108.0, CM084271_1_3821269.1, CM084275_1_2509962.0, CM084275_1_23095308.0, CM084267_1_50994187.0, CM084269_1_46858338.1, CM084266_1_62460034.1, CM084264_1_34294487.1, CM084271_1_19934424.0, CM084269_1_43525189.1, CM084274_1_4730089.0, CM084267_1_50392692.1, CM084277_1_18546601.0, CM084266_1_68659869.0, CM084272_1_33452045.0, CM084266_1_69085644.0, CM084273_1_10381194.0, CM084274_1_4709636.0, CM084277_1_31296163.1, CM084271_1_1052216.0, CM084276_1_1625272.1, CM084269_1_15809932.0, CM084266_1_65347078.0, CM084266_1_68478650.1, CM084272_1_18193864.0, CM084276_1_38788200.0, CM084264_1_72054052.0, CM084265_1_71899687.0, CM084266_1_70743731.0, CM084269_1_46733053.0, CM084270_1_19464591.0, CM084265_1_24901885.1, CM084279_1_32971482.0, CM084274_1_4870202.0","50","0.3","-1.25","-0.41","3","3","TRUE"
"27","adapter_trim.F1-B5-pH8.bam","adapter_trim.F1-B25-pH8.bam","adapter_trim.F2-B12-pH8.bam","CM084264_1_74191575.0, CM084269_1_1572991.1, CM084266_1_23295949.0, CM084265_1_68798225.1, CM084269_1_15799394.0, CM084274_1_4796884.0, CM084268_1_276378.1, CM084279_1_10150695.1, CM084278_1_4074299.1, CM084265_1_59221320.0, CM084268_1_50323442.1, CM084264_1_74183870.0, CM084265_1_70589360.1, CM084268_1_28855794.1, CM084266_1_68643450.1, CM084264_1_73929737.1, CM084265_1_68789108.0, CM084271_1_3821269.1, CM084275_1_2509962.0, CM084275_1_23095308.0, CM084267_1_50994187.0, CM084269_1_46858338.1, CM084266_1_62460034.1, CM084264_1_34294487.1, CM084271_1_19934424.0, CM084269_1_43525189.1, CM084274_1_4730089.0, CM084267_1_50392692.1, CM084277_1_18546601.0, CM084266_1_68659869.0, CM084272_1_33452045.0, CM084266_1_69085644.0, CM084273_1_10381194.0, CM084274_1_4709636.0, CM084277_1_31296163.1, CM084271_1_1052216.0, CM084276_1_1625272.1, CM084269_1_15809932.0, CM084266_1_65347078.0, CM084266_1_68478650.1, CM084272_1_18193864.0, CM084276_1_38788200.0, CM084264_1_72054052.0, CM084265_1_71899687.0, CM084266_1_70743731.0, CM084269_1_46733053.0, CM084270_1_19464591.0, CM084265_1_24901885.1, CM084279_1_32971482.0, CM084274_1_4870202.0","50","0.29","-0.74","-0.98","3","3","TRUE"
"28","adapter_trim.F1-B5-pH8.bam","adapter_trim.F1-B25-pH8.bam","adapter_trim.F2-J146-pH8.bam","CM084264_1_70171655.0, CM084273_1_42255116.0, CM084276_1_38558585.0, CM084269_1_15828546.1, CM084275_1_529192.0, CM084275_1_40706319.1, CM084266_1_69050667.1, CM084267_1_6420945.1, CM084270_1_10495406.0, CM084272_1_18194306.1, CM084264_1_69682047.1, CM084264_1_74266357.0, CM084277_1_30027550.1, CM084273_1_7839386.0, CM084265_1_14403532.0, CM084269_1_15817354.0, CM084279_1_992716.1, CM084275_1_35722063.1, CM084264_1_74721244.1, CM084275_1_39394528.1, CM084269_1_1556175.1, CM084269_1_15799434.1, CM084278_1_20734518.1, CM084270_1_4751856.0, CM084268_1_1326636.1, CM084274_1_4708733.1, CM084269_1_42862775.1, CM084268_1_24030546.0, CM084274_1_4769088.0, CM084272_1_18194957.1, CM084267_1_50993881.0, CM084267_1_591197.0, CM084265_1_71831292.0, CM084275_1_39394528.0, CM084268_1_22040364.0, CM084264_1_72118711.1, CM084265_1_71826940.0, CM084274_1_4730203.1, CM084264_1_66439662.1, CM084265_1_71826461.1, CM084264_1_69870962.1, CM084267_1_6421555.1, CM084266_1_69051090.1, CM084278_1_277789.0, CM084269_1_40336207.0, CM084277_1_18546601.1, CM084266_1_63167162.0, CM084274_1_4694558.1, CM084264_1_73291573.0, CM084267_1_5165677.1","50","0.13","-0.37","-0.67","3","3","TRUE"
"29","adapter_trim.F1-B5-pH8.bam","adapter_trim.F1-B20-pH8.bam","adapter_trim.F2-J125-pH8.bam","CM084272_1_18188802.1, CM084271_1_43546299.0, CM084273_1_7839386.0, CM084271_1_43547024.1, CM084269_1_1556253.0, CM084279_1_32915269.0, CM084272_1_1726223.1, CM084265_1_68798214.0, CM084271_1_44090328.0, CM084279_1_32652113.1, CM084271_1_11500058.0, CM084267_1_6421475.1, CM084270_1_46587616.1, CM084274_1_4788084.1, CM084269_1_15799394.1, CM084278_1_20736228.0, CM084275_1_126552.1, CM084266_1_23411289.0, CM084273_1_31862314.1, CM084277_1_17835716.0, CM084265_1_71925202.1, CM084266_1_57889092.0, CM084274_1_4708033.0, CM084266_1_68919262.1, CM084271_1_3822736.0, CM084279_1_1073128.0, CM084264_1_6990362.1, CM084271_1_26325707.0, CM084265_1_1816578.0, CM084276_1_2857930.1, CM084274_1_4861946.1, CM084267_1_51167077.1, CM084273_1_31862649.0, CM084272_1_1704343.1, CM084264_1_70210134.1, CM084278_1_20689080.1, CM084267_1_6421632.1, CM084265_1_69924624.0, CM084264_1_34293018.0, CM084271_1_3823416.1, CM084265_1_785374.1, CM084279_1_32641182.1, CM084276_1_38558658.1, CM084279_1_1073400.0, CM084269_1_4628634.1, CM084279_1_10149534.1, CM084265_1_68806466.0, CM084275_1_319193.1, CM084265_1_73061223.0, CM084268_1_50321875.1","50","0.21","-0.53","-0.61","2","3","FALSE"
"30","adapter_trim.F1-B5-pH8.bam","adapter_trim.F1-B8-pH8.bam","adapter_trim.F2-B12-pH8.bam","CM084279_1_992716.1, CM084265_1_64735421.0, CM084274_1_4788623.0, CM084269_1_35627068.0, CM084270_1_4751834.0, CM084265_1_59221383.1, CM084278_1_20732805.1, CM084266_1_68643487.1, CM084269_1_42862718.0, CM084265_1_71899674.1, CM084269_1_1563962.0, CM084264_1_6956700.1, CM084275_1_529161.0, CM084279_1_32649961.1, CM084271_1_43849246.1, CM084270_1_9411945.0, CM084270_1_47077551.0, CM084274_1_4696973.1, CM084265_1_69381619.0, CM084268_1_50323439.1, CM084276_1_4125650.0, CM084269_1_1567491.1, CM084264_1_70173615.0, CM084266_1_63468234.1, CM084279_1_32640578.0, CM084265_1_19670958.1, CM084271_1_3819548.1, CM084272_1_1584311.1, CM084277_1_30027539.1, CM084269_1_15823421.1, CM084264_1_8099092.0, CM084275_1_39774878.1, CM084269_1_4628639.0, CM084267_1_50392657.0, CM084264_1_69865995.1, CM084264_1_70471578.1, CM084278_1_20732810.0, CM084264_1_74076720.1, CM084275_1_39420927.1, CM084264_1_73927104.0, CM084266_1_57882486.1, CM084268_1_24030404.1, CM084277_1_30168398.1, CM084275_1_25395479.1, CM084275_1_1304747.1, CM084264_1_2738116.1, CM084275_1_29098652.1, CM084279_1_1063031.0, CM084273_1_31864733.1, CM084276_1_52251.0","50","0.13","-0.71","-0.68","1","3","FALSE"
"31","adapter_trim.F1-B5-pH8.bam","adapter_trim.F1-B8-pH8.bam","adapter_trim.F2-J146-pH8.bam","CM084269_1_1572991.1, CM084271_1_43860422.1, CM084270_1_42355544.0, CM084273_1_10424357.1, CM084265_1_58036330.0, CM084264_1_12084114.1, CM084265_1_72990731.1, CM084265_1_68806450.1, CM084275_1_38169321.0, CM084275_1_529178.0, CM084274_1_4795058.1, CM084267_1_9175515.1, CM084269_1_35627061.0, CM084266_1_69051090.0, CM084266_1_66383710.1, CM084271_1_3822736.1, CM084264_1_71718010.1, CM084267_1_52591726.0, CM084275_1_35717367.0, CM084271_1_19656061.0, CM084266_1_69085566.1, CM084265_1_64733351.1, CM084264_1_2740163.1, CM084264_1_70471566.1, CM084272_1_33453618.0, CM084269_1_1567360.0, CM084278_1_22664889.1, CM084266_1_57888742.0, CM084267_1_13226543.0, CM084274_1_4773486.1, CM084279_1_10147315.0, CM084279_1_1196447.1, CM084267_1_11257244.1, CM084268_1_50225498.1, CM084270_1_35204451.0, CM084266_1_70706238.1, CM084274_1_4808081.1, CM084273_1_11263082.1, CM084278_1_20858397.0, CM084265_1_1816585.1, CM084268_1_45628.1, CM084276_1_37353147.0, CM084277_1_30953045.0, CM084266_1_69314162.0, CM084266_1_58086157.0, CM084278_1_4074299.1, CM084274_1_4868385.0, CM084278_1_20858397.0, CM084264_1_64487824.0, CM084278_1_20735956.0","50","0.22","-0.26","-0.77","1","3","FALSE"
"32","adapter_trim.F1-B7-pH8.bam","adapter_trim.F1-B20-pH8.bam","adapter_trim.F2-J145-pH8.bam","CM084277_1_30953057.0, CM084279_1_32915269.1, CM084272_1_23578669.1, CM084275_1_4345708.0, CM084264_1_26773649.0, CM084274_1_3691337.0, CM084270_1_19464672.1, CM084279_1_31073085.1, CM084274_1_4694558.1, CM084269_1_1526871.1, CM084276_1_38558690.1, CM084267_1_13261464.1, CM084277_1_1869733.1, CM084272_1_1596808.0, CM084276_1_38096618.0, CM084272_1_9069880.0, CM084275_1_8878509.1, CM084267_1_2426144.0, CM084269_1_47255823.0, CM084267_1_8118654.1, CM084269_1_12905590.0, CM084266_1_58102684.1, CM084266_1_67239899.1, CM084268_1_3691704.1, CM084265_1_64733351.0, CM084277_1_4875961.1, CM084271_1_44190417.1, CM084279_1_32673936.1, CM084266_1_66383611.1, CM084264_1_2737867.1, CM084267_1_51167096.0, CM084265_1_72368147.0, CM084265_1_72368163.0, CM084264_1_15064482.1, CM084269_1_15809861.0, CM084264_1_73308596.0, CM084270_1_8444572.1, CM084276_1_38773527.0, CM084272_1_1308683.0, CM084264_1_72054053.1, CM084268_1_50679570.0, CM084269_1_15820188.1, CM084272_1_33571757.1, CM084264_1_26773648.0, CM084270_1_15641798.1, CM084275_1_25395465.0, CM084265_1_65322091.1, CM084272_1_1726223.1, CM084265_1_66141834.0, CM084270_1_32126731.1","50","0.41","-0.23","-0.31","2","3, 4","FALSE"
"33","adapter_trim.F1-B7-pH8.bam","adapter_trim.F1-B20-pH8.bam","adapter_trim.F2-J126-pH8.bam","CM084271_1_1034868.1, CM084265_1_46089269.1, CM084268_1_50224896.0, CM084274_1_42855649.0, CM084265_1_71265314.1, CM084267_1_6420853.0, CM084275_1_38169337.1, CM084265_1_71925203.0, CM084271_1_44104716.1, CM084265_1_71796317.0, CM084274_1_4708223.0, CM084275_1_120896.1, CM084266_1_57889035.1, CM084267_1_52776062.0, CM084273_1_31863792.1, CM084268_1_24031246.1, CM084268_1_50225498.1, CM084275_1_23083657.1, CM084275_1_35719374.0, CM084278_1_15228737.1, CM084265_1_71265272.1, CM084275_1_23083662.1, CM084276_1_59031.0, CM084272_1_33607296.0, CM084269_1_40338566.0, CM084278_1_23555170.1, CM084264_1_34301630.1, CM084267_1_11257220.1, CM084265_1_69381534.1, CM084276_1_38271843.0, CM084272_1_33462360.1, CM084267_1_2652515.1, CM084279_1_161176.1, CM084264_1_73309412.0, CM084279_1_10149628.1, CM084265_1_1118701.1, CM084265_1_1816612.1, CM084277_1_30168102.1, CM084269_1_35627219.1, CM084275_1_25395464.0, CM084279_1_1070763.1, CM084276_1_38552504.0, CM084278_1_277789.1, CM084271_1_340905.1, CM084265_1_65233046.1, CM084271_1_3821161.0, CM084264_1_73291573.1, CM084278_1_20623588.0, CM084264_1_70355057.1, CM084266_1_68642404.0","50","0.22","-0.31","-0.52","2","3, 4","FALSE"
"34","adapter_trim.F1-B7-pH8.bam","adapter_trim.F1-B21-pH8.bam","adapter_trim.F2-B10-pH8.bam","CM084277_1_30629891.0, CM084271_1_44190489.0, CM084271_1_19656025.1, CM084269_1_15820188.0, CM084275_1_25395524.1, CM084277_1_30629891.1, CM084269_1_35627080.0, CM084273_1_31862314.1, CM084274_1_4778496.1, CM084265_1_58487819.0, CM084269_1_43525341.0, CM084269_1_43525189.0, CM084267_1_2081906.0, CM084269_1_1567491.0, CM084274_1_4709636.1, CM084264_1_26771547.0, CM084277_1_18545014.0, CM084265_1_70577871.1, CM084276_1_38797641.0, CM084279_1_1073112.0, CM084265_1_1816612.0, CM084264_1_70471577.0, CM084274_1_4788661.0, CM084264_1_68689030.1, CM084273_1_42287238.1, CM084276_1_1847305.1, CM084265_1_71820616.0, CM084274_1_4861946.0, CM084266_1_23295283.1, CM084277_1_5804570.0, CM084268_1_282153.1, CM084265_1_73060810.0, CM084271_1_30532473.0, CM084267_1_30270802.0, CM084266_1_64725843.0, CM084274_1_4773522.1, CM084266_1_63195162.1, CM084264_1_73931084.1, CM084264_1_66439568.1, CM084277_1_30629891.0, CM084264_1_69757037.0, CM084264_1_73931025.0, CM084266_1_65347060.0, CM084264_1_66439654.1, CM084269_1_43524068.0, CM084277_1_29780153.1, CM084276_1_20157325.1, CM084276_1_1856905.1, CM084269_1_47716263.0, CM084264_1_34300890.1","50","0.38","-0.37","-0.73","2, 4","3, 4","TRUE"
"35","adapter_trim.F1-B7-pH8.bam","adapter_trim.F1-B25-pH8.bam","adapter_trim.F2-J127-pH8.bam","CM084270_1_4920961.1, CM084265_1_69916749.1, CM084279_1_1062135.0, CM084267_1_50993981.1, CM084271_1_344406.0, CM084269_1_35627230.1, CM084268_1_50224889.0, CM084269_1_4635090.0, CM084275_1_35720350.0, CM084274_1_11619978.0, CM084264_1_73926180.0, CM084264_1_70175564.0, CM084269_1_35627219.0, CM084279_1_32640625.1, CM084266_1_58086157.0, CM084271_1_12812951.1, CM084271_1_7136506.0, CM084271_1_43868149.0, CM084270_1_4921106.1, CM084264_1_8233152.0, CM084278_1_20732805.0, CM084276_1_1855851.1, CM084271_1_1033797.1, CM084268_1_50225025.1, CM084267_1_9175849.0, CM084269_1_1567498.0, CM084274_1_4769088.0, CM084269_1_43525399.1, CM084267_1_8118654.1, CM084274_1_42855649.0, CM084269_1_46692099.1, CM084270_1_4751856.1, CM084264_1_34301630.0, CM084268_1_28845522.1, CM084265_1_71796271.1, CM084271_1_19655871.1, CM084264_1_70471577.1, CM084274_1_4862014.1, CM084275_1_524594.0, CM084266_1_65347078.1, CM084264_1_64487839.0, CM084273_1_42252916.0, CM084265_1_19672164.1, CM084274_1_4864709.0, CM084265_1_68806465.1, CM084277_1_30953033.0, CM084274_1_4870197.1, CM084264_1_75278242.1, CM084272_1_1144109.1, CM084276_1_6150174.1","50","0.27","-0.4","-0.66","3","3, 4","TRUE"
"36","adapter_trim.F1-B7-pH8.bam","adapter_trim.F1-B15-pH8.bam","adapter_trim.F2-J143-pH8.bam","CM084271_1_1033797.1, CM084271_1_7137856.1, CM084265_1_1118730.1, CM084278_1_31960704.0, CM084277_1_30642880.1, CM084272_1_11675288.0, CM084265_1_64735183.1, CM084264_1_70190075.0, CM084266_1_68960355.0, CM084270_1_11478201.0, CM084264_1_69902276.1, CM084275_1_38169321.1, CM084265_1_64196884.1, CM084266_1_66483880.0, CM084269_1_45438499.0, CM084275_1_120808.0, CM084274_1_4863048.1, CM084276_1_4238114.0, CM084267_1_2165108.0, CM084273_1_42252916.1, CM084271_1_26332994.0, CM084270_1_10496921.1, CM084276_1_20157320.0, CM084266_1_64723748.0, CM084264_1_65418.0, CM084265_1_71794015.1, CM084276_1_1625258.0, CM084265_1_71899241.1, CM084266_1_69623581.1, CM084267_1_52593733.1, CM084264_1_73931173.1, CM084265_1_58483282.1, CM084264_1_64269859.1, CM084271_1_379038.0, CM084264_1_34294652.0, CM084264_1_61167189.1, CM084272_1_33589893.0, CM084265_1_70597838.1, CM084275_1_675849.0, CM084274_1_4066885.0, CM084271_1_37244938.0, CM084268_1_28845522.1, CM084265_1_64735421.0, CM084276_1_56673.0, CM084274_1_4773492.0, CM084275_1_39774847.1, CM084272_1_33607296.1, CM084274_1_7310951.1, CM084274_1_42855653.0, CM084266_1_57889035.1","50","0.27","0.02","-0.06","1, 4","3, 4","TRUE"
"37","adapter_trim.F1-B7-pH8.bam","adapter_trim.F1-B25-pH8.bam","adapter_trim.F2-J122-pH8.bam","CM084274_1_4695098.1, CM084265_1_72091635.0, CM084275_1_400249.0, CM084264_1_73926179.1, CM084270_1_4751756.0, CM084277_1_10628711.1, CM084278_1_23542543.1, CM084269_1_15812965.0, CM084271_1_26325707.1, CM084270_1_42348997.1, CM084269_1_45238132.1, CM084267_1_48167385.1, CM084270_1_19464672.0, CM084267_1_2426144.0, CM084268_1_50225025.1, CM084276_1_4238165.0, CM084265_1_54591384.0, CM084265_1_1816578.0, CM084265_1_60313980.0, CM084271_1_44083919.0, CM084264_1_69271980.1, CM084264_1_69298657.1, CM084267_1_2908860.1, CM084274_1_4694263.1, CM084272_1_33497675.1, CM084272_1_18170761.1, CM084279_1_161440.1, CM084273_1_42294202.1, CM084270_1_47077463.0, CM084269_1_15806965.1, CM084264_1_70466147.1, CM084266_1_50301553.0, CM084264_1_34294652.1, CM084266_1_69141150.0, CM084274_1_5028288.1, CM084269_1_46733053.1, CM084274_1_4868380.1, CM084274_1_4796079.1, CM084274_1_4709089.1, CM084274_1_4863175.1, CM084266_1_69056442.1, CM084272_1_9069880.1, CM084268_1_45574.1, CM084270_1_19464591.0, CM084279_1_10150695.0, CM084274_1_4869944.1, CM084265_1_72368204.0, CM084279_1_10150674.1, CM084266_1_71148891.0, CM084265_1_71796300.0","50","0.19","-0.3","-0.32","3","3, 4","TRUE"
"38","adapter_trim.F1-B7-pH8.bam","adapter_trim.F1-B20-pH8.bam","adapter_trim.F2-J146-pH8.bam","CM084279_1_31409037.0, CM084279_1_10147216.0, CM084279_1_32640576.0, CM084274_1_12659015.1, CM084265_1_59221308.0, CM084274_1_4869977.0, CM084266_1_69052185.1, CM084272_1_1891499.1, CM084276_1_1500414.1, CM084267_1_51000190.1, CM084269_1_42862779.0, CM084266_1_69806294.0, CM084264_1_75338719.0, CM084274_1_4863343.0, CM084272_1_11675308.0, CM084265_1_59221309.1, CM084275_1_23083662.0, CM084271_1_1052216.1, CM084270_1_42345710.1, CM084268_1_9292468.1, CM084272_1_2073148.0, CM084265_1_68806466.0, CM084274_1_4715467.0, CM084276_1_1856905.0, CM084264_1_26777914.0, CM084264_1_64269859.0, CM084268_1_18512798.0, CM084277_1_30953064.0, CM084279_1_23112955.1, CM084266_1_69085555.0, CM084264_1_68689028.0, CM084278_1_20701768.1, CM084269_1_43525214.1, CM084274_1_4795058.1, CM084264_1_72118697.1, CM084275_1_77171.1, CM084265_1_72071409.0, CM084273_1_31862797.0, CM084274_1_4869968.1, CM084279_1_32915269.1, CM084276_1_38285696.0, CM084275_1_25393263.1, CM084266_1_57888582.1, CM084264_1_70171655.0, CM084276_1_38970473.1, CM084271_1_276716.1, CM084268_1_50225492.1, CM084265_1_71796317.1, CM084276_1_38287449.1, CM084276_1_7202997.0","50","0.27","-0.12","0.02","2","3, 4","FALSE"
"39","adapter_trim.F1-B7-pH8.bam","adapter_trim.F1-B8-pH8.bam","adapter_trim.F2-B11-pH8.bam","CM084270_1_47077595.1, CM084279_1_32652116.1, CM084268_1_2720910.1, CM084273_1_31866087.1, CM084268_1_28845823.1, CM084264_1_73931024.1, CM084271_1_43860505.0, CM084266_1_69632434.0, CM084265_1_71820726.0, CM084265_1_794917.1, CM084264_1_70210132.1, CM084274_1_3691763.1, CM084264_1_68688988.1, CM084265_1_69381524.0, CM084274_1_4793173.1, CM084276_1_4238165.0, CM084274_1_12659015.1, CM084265_1_14403401.1, CM084267_1_51248500.0, CM084272_1_18574380.0, CM084269_1_35627068.1, CM084278_1_5142968.0, CM084277_1_18535878.0, CM084278_1_20679238.0, CM084268_1_2832740.1, CM084276_1_62221.1, CM084276_1_1856653.0, CM084264_1_69902275.1, CM084266_1_57882780.1, CM084264_1_8098050.0, CM084275_1_35719374.0, CM084264_1_70190068.1, CM084267_1_2426156.0, CM084268_1_50315.0, CM084276_1_38287449.1, CM084266_1_71160169.0, CM084266_1_57886153.1, CM084278_1_22665064.0, CM084265_1_71796309.0, CM084274_1_42855649.0, CM084271_1_379009.1, CM084264_1_69534058.1, CM084278_1_22654720.1, CM084265_1_72368147.1, CM084279_1_10149628.0, CM084275_1_400325.1, CM084275_1_35720346.0, CM084278_1_16774020.1, CM084277_1_36521569.0, CM084276_1_20157323.1","50","0.27","-0.6","-0.68","1","3, 4","FALSE"
"40","adapter_trim.F1-B7-pH8.bam","adapter_trim.F1-B20-pH8.bam","adapter_trim.F2-B3-pH8.bam","CM084270_1_15641798.1, CM084265_1_70979994.0, CM084265_1_72178237.1, CM084265_1_68798193.1, CM084266_1_68884692.0, CM084264_1_74191574.1, CM084264_1_70175500.0, CM084268_1_49721842.1, CM084269_1_47265506.0, CM084266_1_62460034.1, CM084275_1_120896.0, CM084268_1_28855770.1, CM084273_1_32698879.0, CM084274_1_4726637.1, CM084268_1_2696122.0, CM084266_1_65993531.1, CM084275_1_39491731.0, CM084272_1_1883067.1, CM084266_1_69141117.1, CM084264_1_2737867.0, CM084265_1_68714893.1, CM084279_1_1073112.0, CM084268_1_2720910.1, CM084267_1_5165711.1, CM084268_1_50323846.1, CM084278_1_4074311.1, CM084266_1_63468218.0, CM084265_1_70974986.1, CM084271_1_44106803.1, CM084268_1_22932621.1, CM084266_1_23321801.1, CM084268_1_50739258.1, CM084279_1_1064862.0, CM084274_1_42859668.1, CM084277_1_30953033.1, CM084271_1_290001.1, CM084275_1_36059096.1, CM084276_1_1856078.1, CM084271_1_30532438.1, CM084266_1_71166412.1, CM084274_1_4869974.1, CM084276_1_1625423.1, CM084279_1_32640576.0, CM084279_1_10156950.0, CM084264_1_71189810.1, CM084271_1_218843.0, CM084275_1_36059252.0, CM084265_1_70977429.0, CM084273_1_31865682.0, CM084266_1_69051092.1","50","0.46","-0.2","-0.19","2","3, 4","FALSE"
"41","adapter_trim.F1-B8-pH8.bam","adapter_trim.F1-B15-pH8.bam","adapter_trim.F2-J107-pH8.bam","CM084274_1_4773524.1, CM084264_1_69712159.0, CM084264_1_26773648.1, CM084265_1_54595186.1, CM084266_1_69806294.0, CM084269_1_43525189.0, CM084266_1_63195162.0, CM084267_1_6421491.0, CM084279_1_1070294.1, CM084274_1_42855649.1, CM084274_1_4695106.1, CM084268_1_28845336.1, CM084276_1_1856902.1, CM084264_1_34291216.0, CM084266_1_66383611.1, CM084273_1_10381194.0, CM084264_1_64487839.1, CM084277_1_5803909.1, CM084276_1_31737936.0, CM084266_1_69623581.1, CM084269_1_46733079.1, CM084276_1_37353147.0, CM084265_1_69381619.1, CM084268_1_50219227.0, CM084275_1_25395479.1, CM084266_1_57889092.1, CM084265_1_790962.0, CM084264_1_70471577.0, CM084265_1_794840.1, CM084265_1_68869208.1, CM084270_1_47077465.0, CM084264_1_69902276.0, CM084274_1_4715467.0, CM084275_1_328861.1, CM084266_1_57888582.0, CM084269_1_15799397.0, CM084277_1_30611507.1, CM084278_1_22665046.1, CM084266_1_71166449.0, CM084266_1_69085555.1, CM084269_1_15812960.1, CM084279_1_32917232.0, CM084265_1_71925203.0, CM084265_1_1816564.0, CM084264_1_72054052.0, CM084264_1_72054047.1, CM084266_1_58102684.0, CM084275_1_39501427.0, CM084272_1_18574376.1, CM084264_1_70355052.0","50","0.49","-0.24","-0.57","1, 4","2","FALSE"
"42","adapter_trim.F1-B8-pH8.bam","adapter_trim.F1-B25-pH8.bam","adapter_trim.F2-J122-pH8.bam","CM084264_1_73309406.0, CM084264_1_68634780.1, CM084266_1_66377784.0, CM084271_1_43868201.0, CM084277_1_30631457.1, CM084274_1_4729950.0, CM084278_1_23536923.1, CM084265_1_71794015.0, CM084271_1_1033792.0, CM084269_1_43524558.1, CM084269_1_1558034.1, CM084265_1_69230159.0, CM084265_1_72636285.0, CM084270_1_15641795.1, CM084266_1_57889053.1, CM084279_1_32641182.1, CM084267_1_51241061.0, CM084269_1_40451682.1, CM084277_1_31027256.0, CM084271_1_344493.1, CM084271_1_30532438.1, CM084277_1_5803945.0, CM084271_1_44083919.0, CM084274_1_4708735.0, CM084275_1_20000958.1, CM084269_1_45423014.1, CM084276_1_38552504.0, CM084274_1_4694855.1, CM084266_1_63468235.0, CM084266_1_23317745.1, CM084271_1_43860422.0, CM084278_1_20732803.1, CM084267_1_2908060.0, CM084272_1_1894340.0, CM084265_1_72071376.1, CM084275_1_66811.1, CM084271_1_44086137.0, CM084268_1_46422.0, CM084264_1_2737867.1, CM084264_1_73926180.1, CM084265_1_71795197.0, CM084269_1_4626408.0, CM084269_1_35642171.1, CM084266_1_59802321.0, CM084268_1_28845816.0, CM084275_1_2509950.1, CM084274_1_4708834.1, CM084276_1_1856639.0, CM084267_1_48167385.1, CM084268_1_14768218.0","50","0.15","-0.3","-0.41","3","2","FALSE"
"43","adapter_trim.F1-B8-pH8.bam","adapter_trim.F1-B21-pH8.bam","adapter_trim.F2-J122-pH8.bam","CM084266_1_57882616.1, CM084264_1_69757037.0, CM084266_1_66377784.1, CM084264_1_34300494.1, CM084269_1_1556138.0, CM084271_1_44190420.1, CM084271_1_44069759.1, CM084271_1_44090307.0, CM084266_1_69141202.0, CM084265_1_68806425.0, CM084271_1_37244915.0, CM084276_1_38772790.1, CM084264_1_70471577.1, CM084266_1_65993531.0, CM084267_1_6420945.0, CM084275_1_400249.0, CM084265_1_66141859.1, CM084265_1_69004214.0, CM084270_1_42355504.1, CM084275_1_8878509.1, CM084266_1_65576934.1, CM084273_1_31862649.0, CM084274_1_4792256.1, CM084269_1_47265457.1, CM084269_1_15827787.1, CM084278_1_20600197.0, CM084265_1_72071376.0, CM084274_1_5028297.1, CM084277_1_29780116.1, CM084276_1_4238176.1, CM084279_1_649298.0, CM084276_1_38943253.1, CM084274_1_4792352.1, CM084266_1_67239927.1, CM084274_1_11694910.1, CM084271_1_3819544.0, CM084275_1_23075960.0, CM084276_1_2855917.1, CM084278_1_31960662.1, CM084271_1_43860497.1, CM084269_1_35627205.1, CM084276_1_2841302.1, CM084268_1_276461.0, CM084266_1_50301523.1, CM084268_1_50224896.1, CM084279_1_10156984.0, CM084266_1_68200825.0, CM084265_1_791018.0, CM084266_1_70743731.0, CM084270_1_12307511.0","50","0.2","-0.79","-0.46","2, 4","2","TRUE"
"44","adapter_trim.F1-B8-pH8.bam","adapter_trim.F1-B25-pH8.bam","adapter_trim.F2-J145-pH8.bam","CM084271_1_26325716.1, CM084271_1_43860497.1, CM084273_1_42285391.0, CM084266_1_23295283.1, CM084275_1_39502374.0, CM084274_1_4709671.0, CM084278_1_20635947.0, CM084268_1_4550920.0, CM084277_1_1868694.1, CM084277_1_31027256.1, CM084270_1_4921018.1, CM084275_1_36059374.1, CM084265_1_72071376.0, CM084264_1_69748575.1, CM084267_1_5161036.1, CM084269_1_1555094.1, CM084272_1_18553681.1, CM084274_1_4870197.1, CM084266_1_71166435.0, CM084274_1_41688611.1, CM084275_1_39781020.0, CM084277_1_29208310.1, CM084268_1_9292474.1, CM084271_1_30532484.1, CM084267_1_48167385.0, CM084277_1_30168073.0, CM084273_1_31862854.0, CM084264_1_74076720.1, CM084271_1_44134413.0, CM084276_1_38773530.1, CM084278_1_22665042.0, CM084267_1_8687374.1, CM084278_1_20858397.0, CM084268_1_1508049.0, CM084274_1_4867333.1, CM084267_1_6421555.1, CM084276_1_1500412.1, CM084266_1_57888582.0, CM084267_1_9176202.1, CM084267_1_2652518.1, CM084278_1_279354.1, CM084271_1_1034868.0, CM084265_1_71265328.0, CM084276_1_38117392.1, CM084272_1_33597669.0, CM084274_1_4773546.1, CM084268_1_938570.0, CM084272_1_2073150.1, CM084271_1_43920589.1, CM084271_1_11500058.0","50","0.25","-0.4","-0.58","3","2","FALSE"
"45","adapter_trim.F1-B9-pH8.bam","adapter_trim.F1-B21-pH8.bam","adapter_trim.F2-J86-pH8.bam","CM084270_1_1559641.0, CM084269_1_43523950.0, CM084267_1_2135737.1, CM084264_1_34294469.1, CM084265_1_68808152.0, CM084276_1_36515301.0, CM084266_1_64723748.1, CM084266_1_64164372.1, CM084273_1_268158.0, CM084264_1_70355122.0, CM084272_1_33515314.0, CM084274_1_4734035.0, CM084269_1_1580179.0, CM084269_1_46688879.1, CM084277_1_29208301.0, CM084276_1_38117392.1, CM084265_1_65204740.0, CM084265_1_71825876.0, CM084272_1_29973150.1, CM084266_1_23296704.1, CM084266_1_67235326.0, CM084271_1_218835.0, CM084269_1_4628634.1, CM084271_1_43860497.1, CM084278_1_20861266.0, CM084264_1_34294402.0, CM084276_1_36515301.1, CM084272_1_43480818.1, CM084265_1_71265272.0, CM084266_1_66483893.1, CM084274_1_4869944.1, CM084264_1_73926160.1, CM084268_1_50679553.0, CM084265_1_1118730.1, CM084266_1_68322200.1, CM084274_1_21938486.0, CM084264_1_73291570.1, CM084268_1_82245.0, CM084279_1_1064862.0, CM084275_1_39394589.1, CM084266_1_68642404.0, CM084269_1_35627096.1, CM084276_1_2841292.1, CM084264_1_15064138.1, CM084270_1_9413290.0, CM084265_1_68714893.0, CM084266_1_23295949.0, CM084271_1_44190420.1, CM084266_1_59802398.0, CM084264_1_65424.1","50","0.28","-1.03","-0.44","2, 4","1, 4","TRUE"
"46","adapter_trim.F1-B9-pH8.bam","adapter_trim.F1-B25-pH8.bam","adapter_trim.F2-J141-pH8.bam","CM084271_1_257176.1, CM084272_1_18194979.0, CM084268_1_3697725.0, CM084275_1_524647.0, CM084277_1_4876009.0, CM084271_1_44090302.0, CM084279_1_10150695.1, CM084272_1_23644236.1, CM084271_1_3820382.0, CM084269_1_1549190.0, CM084274_1_4808183.1, CM084266_1_38532340.0, CM084270_1_15641795.0, CM084270_1_47077479.0, CM084274_1_3691763.0, CM084277_1_30168102.1, CM084276_1_38772810.1, CM084273_1_268158.1, CM084276_1_38864870.1, CM084265_1_69915221.1, CM084265_1_71828881.1, CM084266_1_69052205.1, CM084277_1_31222635.1, CM084265_1_72978107.0, CM084267_1_50994193.0, CM084274_1_4795086.1, CM084265_1_73059931.0, CM084266_1_59364074.0, CM084271_1_3818665.1, CM084269_1_4628748.0, CM084270_1_1391764.0, CM084265_1_68074267.0, CM084269_1_1572473.1, CM084276_1_54402.1, CM084265_1_68074364.0, CM084275_1_39774847.0, CM084271_1_19656025.1, CM084267_1_51248425.1, CM084271_1_3807705.0, CM084269_1_1567462.1, CM084264_1_26773650.0, CM084274_1_4789233.1, CM084268_1_28845509.0, CM084268_1_50219227.1, CM084264_1_75278291.0, CM084264_1_70188206.1, CM084265_1_72986696.0, CM084271_1_379057.0, CM084264_1_70175545.1, CM084265_1_24901859.0","50","0.87","-0.29","-0.11","3","1, 4","FALSE"
"47","adapter_trim.F1-B9-pH8.bam","adapter_trim.F1-B15-pH8.bam","adapter_trim.F2-B23-pH8.bam","CM084264_1_69539449.0, CM084265_1_61648602.1, CM084269_1_15799430.1, CM084278_1_20689098.0, CM084264_1_6956767.1, CM084270_1_46587632.1, CM084274_1_4867333.0, CM084273_1_21179215.0, CM084272_1_1704343.0, CM084267_1_51167077.1, CM084277_1_30611563.0, CM084276_1_1856082.0, CM084269_1_43528550.1, CM084266_1_71166412.1, CM084267_1_2426144.0, CM084265_1_69381455.1, CM084264_1_63760.1, CM084276_1_62473.0, CM084268_1_50200545.1, CM084268_1_3699701.0, CM084266_1_23317745.1, CM084271_1_26324168.1, CM084275_1_25397333.0, CM084274_1_4788669.0, CM084276_1_37353162.1, CM084266_1_68478650.0, CM084265_1_68868190.1, CM084271_1_19655820.1, CM084264_1_34294469.1, CM084266_1_69545761.1, CM084274_1_34977105.1, CM084264_1_70182852.0, CM084275_1_35719388.0, CM084265_1_70979994.1, CM084268_1_3261991.0, CM084269_1_45438499.0, CM084264_1_34294472.0, CM084275_1_39774860.1, CM084265_1_65204740.0, CM084267_1_5165677.1, CM084268_1_3691150.1, CM084268_1_3704020.0, CM084274_1_4734036.1, CM084264_1_74989681.0, CM084266_1_58086157.0, CM084266_1_65580309.0, CM084266_1_23321801.1, CM084275_1_660866.1, CM084276_1_1625254.1, CM084267_1_2426144.1","50","0.3","-0.66","-0.26","1, 4","1, 4","TRUE"
"48","adapter_trim.F1-B9-pH8.bam","adapter_trim.F1-B25-pH8.bam","adapter_trim.F2-J86-pH8.bam","CM084272_1_33503448.1, CM084272_1_33453891.0, CM084267_1_2426144.1, CM084276_1_1510330.0, CM084266_1_71166448.0, CM084279_1_31075821.1, CM084271_1_12812951.1, CM084270_1_42355544.0, CM084270_1_19464668.1, CM084267_1_6420915.0, CM084266_1_71160177.0, CM084277_1_36521175.1, CM084264_1_68688988.1, CM084277_1_17835716.1, CM084267_1_51346515.1, CM084265_1_72898809.0, CM084264_1_70173621.0, CM084267_1_51919009.0, CM084266_1_70706235.1, CM084279_1_161041.1, CM084264_1_2740171.1, CM084271_1_44104300.1, CM084269_1_35627205.0, CM084279_1_31409052.1, CM084268_1_28845513.0, CM084267_1_2908982.0, CM084273_1_31866838.0, CM084265_1_1062071.1, CM084265_1_1118730.0, CM084270_1_15641821.0, CM084270_1_46587616.1, CM084266_1_59802321.0, CM084267_1_50994193.0, CM084264_1_71189798.0, CM084274_1_4788669.0, CM084274_1_4864007.1, CM084274_1_4694190.0, CM084278_1_20689080.1, CM084265_1_14403401.0, CM084266_1_66383694.0, CM084275_1_400325.1, CM084268_1_82245.0, CM084275_1_400320.1, CM084268_1_2696122.1, CM084275_1_319193.0, CM084271_1_10301908.0, CM084265_1_70801101.0, CM084278_1_281238.0, CM084278_1_277798.1, CM084272_1_1144109.1","50","0.31","-0.05","-0.12","3","1, 4","FALSE"
